uuid|firstname|lastname|surname|gender|admno|year|dob|bcertno|admissiondate
DAF7EC32-EA25-7D32-8708-2CC132446A2Y|Mati|Morris|Ngugi|MALE|A100|2015|1992|A66655|Sat Dec 06 22:00:42 EAT 2014
9771e08e-4e87-4fe4-9608-a31952ec10cd|Kaenga|Martin|Mutea|MALE|A101|2015|1993|A66622|Sat Dec 06 22:00:42 EAT 2015
d8a28954-5f2e-4899-8e3f-37b48694778b|Merit|Karimi|Gitonga|FEMALE|A102|2015|1990|A66672|Sat Dec 06 22:00:42 EAT 2014
39e904ed-2a81-481e-abc2-bb4e1fd923e2|Obed|Muthomi|Mukuru|MALE|A103|2015|1995|G7668|Sat Dec 06 22:00:42 EAT 2013
f8b21135-a65e-4784-9169-3c7fecfaeb83|Kairu|Newton|Ngece|MALE|A104|2015|1990|G7668|Sat Dec 06 22:00:42 EAT 2015
97d6752d-7d05-4256-b36e-1a9dc1b56c0d|Hellen|Irene|Mwiti|FEMALE|A105|2015|1996|H7778|Sat Dec 06 22:00:42 EAT 2014
7d37242c-abf6-40b4-b8a6-38045a23a1ed|Dennis|Muthomi|Kenya|MALE|A106|2015|1990|J8877|Sat Dec 06 22:00:42 EAT 2015
838c6508-b971-4590-b7f1-4021867a197e|Rael|Kathomi|Peter|FEMALE|A107|2015|1994|5HHHH|Sat Dec 06 22:00:42 EAT 2014
8aeeec01-a3f2-4fe6-bc68-3541bbc0c985|Kelvin|Murimi|Peter|FEMALE|A108|2015|1998|G6655|Sat Dec 06 22:00:42 EAT 2015
75d63eed-2e4e-43ed-915f-552443d628cd|Dynnah|Mwende|Mwangi|MALE|A109|2015|1993|JU777|Sat Dec 06 22:00:42 EAT 2013
A5151A2D-3D63-4092-BC67-AC23A2ED2606|Tamila|Naitore|John|MALE|A110|2015|1992|544FD|Sat Dec 06 22:00:42 EAT 2014
E90FA704-3F08-4C55-9317-B11CDBB9D4A8|Scott|Peter|Shana|MALE|A111|2015|1993|45DDD4|Sat Dec 06 22:00:42 EAT 2015
CB3C3FB9-C9E2-48DC-B65E-218D34B29BE5|Julian|Joel|Prescott|MALE|A112|2015|1990|4FDE4C|Sat Dec 06 22:00:42 EAT 2014
23694373-9A8E-4122-8D87-88928C78FC86|Cameron|Jemima|Arsenio|MALE|A113|2015|1995|E333|Sat Dec 06 22:00:42 EAT 2013
280BA71D-2173-45A8-9ED6-678D64E5F425|Murphy|Melyssa|Derek|MALE|A114|2015|1990|TT5R3|Sat Dec 06 22:00:42 EAT 2015
AD7D7F78-A622-4C10-947B-BBC84B84BD58|Castor|Suki|Troy|MALE|A115|2015|1996|334ES3|Sat Dec 06 22:00:42 EAT 2014
162084B0-734C-4DB0-84CA-B089F474E5CB|Octavius|Oren|Cora|MALE|A116|2015|1990|455TC|Sat Dec 06 22:00:42 EAT 2015
051F15CA-8780-4906-A22B-84F444FBDA83|Giacomo|Quincy|Stephanie|MALE|A117|2015|1994|T654|Sat Dec 06 22:00:42 EAT 2014
0711DD7F-AB2C-4F1C-98FB-AA53E5333087|Kennan|Phyllis|Nicole|MALE|A118|2015|1998|1WQQ|Sat Dec 06 22:00:42 EAT 2015
72F08A23-83E1-419D-AE5D-C17774338729|Murphy|Iola|Mia|MALE|A119|2015|1993|34ER|Sat Dec 06 22:00:42 EAT 2013
EB267515-31D7-4AAB-97EA-444B2CA1E61B|Hayes|Eagan|Leonard|MALE|A120|2015|1992|3EDCG|Sat Dec 06 22:00:42 EAT 2014
FD4E90C8-E37F-4ACC-977B-719B87ABE99A|Scott|Brody|Roary|MALE|A121|2015|1993|5TGFD|Sat Dec 06 22:00:42 EAT 2015
2DB81940-DBE8-440B-A8F3-B48374CF48D5|Kenyon|Heidi|Roanna|MALE|A122|2015|1990|THFFER|Sat Dec 06 22:00:42 EAT 2014
BF26C439-43DA-4403-9D99-EBF54E05A557|Christian|Roanna|Illana|MALE|A123|2015|1995|445RR|Sat Dec 06 22:00:42 EAT 2013
30337A53-79C2-4DCA-BC0D-5B5B9A826262|Wang|Molly|Gillian|MALE|A124|2015|1990|5TGFYD|Sat Dec 06 22:00:42 EAT 2015
F6D06817-4EE8-4D81-8C2E-194DD8F7FED0|Fletcher|Wing|Otto|MALE|A125|2015|1996|6TYJN|Sat Dec 06 22:00:42 EAT 2014
8F8E971C-E0A3-4F36-9578-DDEE3B186D53|Brendan|Peter|Karly|MALE|A136|2015|1990|789292|Sat Dec 06 22:00:42 EAT 2015
7D05C77D-9BE7-4CEF-9C81-C3334FF535A9|Yardley|Whoopi|Yeo|MALE|A127|2015|1994|89IKSS8|Sat Dec 06 22:00:42 EAT 2014
BFC44B48-5033-4D42-9286-176242244B56|Mannix|Molly|Lael|MALE|A128|2015|1998|7UJJWJW|Sat Dec 06 22:00:42 EAT 2015
20A5275A-8000-4567-B5B2-42743C9D06F6|Melvin|Nichole|Blythe|MALE|A129|2015|1993|NWJJWWW|Sat Dec 06 22:00:42 EAT 2013
4A5715E5-06BA-4C6A-B3AD-4ECE988BF422|Ulysses|Rylee|Quemby|MALE|A130|2015|1992|WJJWJ|Sat Dec 06 22:00:42 EAT 2014
218530D9-38F5-44A0-8D73-1A30B1DFB28F|Brendan|Demetrius|Lester|MALE|A131|2015|1993|HJWJJWW|Sat Dec 06 22:00:42 EAT 2015
96396B64-EB92-4352-9EB3-481686D3176B|Lucian|Aileen|Keane|MALE|A132|2015|1990|JWKKKWEJ|Sat Dec 06 22:00:42 EAT 2014
C5C3A4FD-E64F-46F6-841A-C31DF1FEA9A4|Steel|Isabelle|Sophia|MALE|A133|2015|1995|QWJWJWJ|Sat Dec 06 22:00:42 EAT 2013
E8A5D9A9-EA7F-41CF-A84C-F61AD3F225D6|Colorado|Robin|Palmer|MALE|A134|2015|1990|KQKQOIEE|Sat Dec 06 22:00:42 EAT 2015
F235A287-AF81-47B2-9E1F-61B3CE385444|Solomon|Adele|Aurelia|MALE|A135|2015|1996|JNSJJJKE|Sat Dec 06 22:00:42 EAT 2014
C1EC572F-2318-457A-9DF7-854A5E5FA49A|Bevis|Ali|Barbara|MALE|A136|2015|1990|JIKWIWJJSQW|Sat Dec 06 22:00:42 EAT 2015
3C1DEB2D-2DD7-4F1E-BE89-C9B9B7852062|Jason|Hyatt|Tamekah|MALE|A137|2015|1994|HWJJDJKWQW|Sat Dec 06 22:00:42 EAT 2014
F7181FB0-4EE8-4894-B62A-550DD5E07097|Darius|Freya|Erich|MALE|A138|2015|1998|JQJKKWE|Sat Dec 06 22:00:42 EAT 2015
90072B13-2EC9-4733-8134-56F800866B9A|Omar|Hayfa|Taylor|MALE|A139|2015|1993|KQKKEE|Sat Dec 06 22:00:42 EAT 2013
3125CE59-F9E4-42B3-B18F-98D0C9CABD66|Fritz|Demetria|Patience|MALE|A140|2015|1992|JMAKQKE|Sat Dec 06 22:00:42 EAT 2014
A09855F1-1C1A-4E5C-89F2-CEEA780F45DE|Maxwell|Sara|Helen|MALE|A141|2015|1993|JQWERR|Sat Dec 06 22:00:42 EAT 2015
5DADC85B-7257-4A65-903B-F00864D9521C|Alvin|Burton|Louis|MALE|A142|2015|1990|NWJWKE|Sat Dec 06 22:00:42 EAT 2014
82B6EAB3-AE0F-42AD-83E8-A0CE28356BC7|Abraham|Myra|Grant|MALE|A143|2015|1995|LQWKKE|Sat Dec 06 22:00:42 EAT 2013
42C3EEB7-AC68-4029-ACCE-22EC65D0C980|Justin|Dale|Lara|MALE|A144|2015|1990|MWKWKKE|Sat Dec 06 22:00:42 EAT 2015
B3A175AE-C590-44C3-AAC8-B8E45D149C79|Rogan|Kalia|Mari|MALE|A145|2015|1996|JJWJE|Sat Dec 06 22:00:42 EAT 2014
C7ADBD8A-9B03-4F5F-ABD1-F1681AD9CE50|Hammett|MacKenzie|Gray|MALE|A146|2015|1990|WKKRWWSD|Sat Dec 06 22:00:42 EAT 2015
FD11FF19-9779-492A-B492-A9EF7981D041|Carter|Quyn|Murphy|MALE|A147|2015|1994|KQEKQKE|Sat Dec 06 22:00:42 EAT 2014
A5E45BB0-9967-40A2-9C2C-79F19E177293|Solomon|Kasper|Kim|MALE|A148|2015|1998|HHDJWQ|Sat Dec 06 22:00:42 EAT 2015
A5E23A8B-43AF-4E49-B042-D5249B3C5F10|Julian|Ayanna|Kai|MALE|A149|2015|1993|LQQKEDD|Sat Dec 06 22:00:42 EAT 2013
4AD67BE1-5988-497E-B785-4D92C3D2E4E3|Leo|Arthur|Dara|MALE|A150|2015|1992|MQQLLELKJD|Sat Dec 06 22:00:42 EAT 2014
6A9A396F-48C5-4C37-99F7-EA796E7A8EFA|Abraham|Lydia|Angela|MALE|A151|2015|1993|NWJWKKEKK|Sat Dec 06 22:00:42 EAT 2015
D2A2101C-108F-40CE-B9F0-8F50585EAE73|Timothy|Holmes|Chadwick|MALE|A152|2015|1990|PQQKAKJ|Sat Dec 06 22:00:42 EAT 2014
DE6780A4-4FF5-4242-B89F-92883D0F1C7E|Paul|Ronan|Ralph|MALE|A153|2015|1995|NXCVNMSK|Sat Dec 06 22:00:42 EAT 2013
9046717D-4497-4519-9247-6AFFD17706A4|Reese|Amethyst|Bert|MALE|A154|2015|1990|CVJWSW|Sat Dec 06 22:00:42 EAT 2015
43FE5177-1EF4-4E31-851E-83D9C7A53576|Brett|Marcia|Garrett|MALE|A155|2015|1996|VBSNWW|Sat Dec 06 22:00:42 EAT 2014
B2F438B8-02E5-4F8D-9423-804DAC940AFE|Salvador|Jason|Alvin|MALE|A156|2015|1990|HJANSS|Sat Dec 06 22:00:42 EAT 2015
322F745A-2811-4904-81C8-5270384558CA|Thaddeus|Taylor|Gil|MALE|A157|2015|1994|MMMSMSJW|Sat Dec 06 22:00:42 EAT 2014
ADF40FA4-247B-4238-91B4-F2BD8D1EDFA5|Brent|Orson|Elvis|MALE|A158|2015|1998|ZXCZVCVVX|Sat Dec 06 22:00:42 EAT 2015
2D2DCD6D-A158-4F8A-9AF2-A0B9B2C2FC98|Kadeem|Finn|Octavia|MALE|A159|2015|1993|CVXXX|Sat Dec 06 22:00:42 EAT 2013
CD963199-6BC5-40D6-8F9C-90C6A7E7A01D|Merrill|Xanthus|Whilemina|MALE|A160|2015|1992|VCCC|Sat Dec 06 22:00:42 EAT 2014
BF980B53-D306-4E44-B467-7BC77B5DE031|Burton|Haley|Audrey|MALE|A161|2015|1993|BDDDDD|Sat Dec 06 22:00:42 EAT 2015
8B7745CC-3E7F-42AC-A5C6-A8168D582C65|Merrill|Noelle|Clementine|MALE|A162|2015|1990|HNXNXNX|Sat Dec 06 22:00:42 EAT 2014
10FD4406-E546-4D6B-8346-A9CB66D2B5A9|Merrill|Stephanie|Irma|MALE|A163|2015|1995|NMCBCBC|Sat Dec 06 22:00:42 EAT 2013
6C68B7CE-18ED-4E11-93D4-13ED8A791266|Theodore|Cynthia|Amir|MALE|A164|2015|1990|BNXXMXM|Sat Dec 06 22:00:42 EAT 2015
344180F5-69C2-458D-8A76-A13838245EC7|Yasir|Joshua|Olga|MALE|A165|2015|1996|MMDNSS|Sat Dec 06 22:00:42 EAT 2014
5C88EFC9-8683-491F-8FEF-10502B89B05E|Herrod|MacKenzie|Ulla|MALE|A166|2015|1990|JJSSS|Sat Dec 06 22:00:42 EAT 2015
8DCF543F-0B58-4980-AEBE-83DF7AD2D01A|Aristotle|Aladdin|Grant|MALE|A167|2015|1994|LASDNH|Sat Dec 06 22:00:42 EAT 2014
20D06F8E-CB52-43B4-A363-AB36967652B1|Cadman|Shaine|Larissa|MALE|A168|2015|1998|ZXCBA|Sat Dec 06 22:00:42 EAT 2015
426C6295-5A10-41E4-A442-02A651F24FBC|William|Jolene|Leah|MALE|A169|2015|1993| NNDHJS|Sat Dec 06 22:00:42 EAT 2013
AD72ED57-A90F-4B28-9D7A-04A7E6DFA7CF|Blaze|Kylee|Sandra|MALE|A170|2015|1992|GJHNMXSK|Sat Dec 06 22:00:42 EAT 2014
89CA307F-ACF8-4B02-9D6E-D4662CBF0F88|Eric|Hayes|Iola|MALE|A171|2015|1993|KOIWERTXS|Sat Dec 06 22:00:42 EAT 2015
CC34441F-500E-46E6-A868-93E6E6EE6431|Benjamin|Dennis|Xena|MALE|A172|2015|1990|TAAMQMWJD|Sat Dec 06 22:00:42 EAT 2014
279EAFA6-137D-4854-84B3-CA9E15C2312D|Noble|Nathan|Anthony|MALE|A173|2015|1995|BNSMS|Sat Dec 06 22:00:42 EAT 2013
1B85352D-1777-4C62-8689-638018390F25|Luke|Nayda|Cheryl|MALE|A174|2015|1990|POWJWNS|Sat Dec 06 22:00:42 EAT 2015
4ADD0497-B256-4074-B487-CE91AD01B7F1|Harlan|Brock|Leslie|MALE|A175|2015|1996|JHWUWW|Sat Dec 06 22:00:42 EAT 2014
97886E12-50D6-4728-B2F7-C65544769FEA|Ross|Quinn|Thomas|MALE|A176|2015|1990|KKIWWW|Sat Dec 06 22:00:42 EAT 2015
0A933196-2032-4E0A-B027-C7855D2E7B83|Mufutau|Lilah|Evelyn|MALE|A177|2015|1994|JWWW|Sat Dec 06 22:00:42 EAT 2014
E2143967-AC1A-4E52-9D3E-7A5ECDEEBE54|Benedict|Priscilla|Shelley|MALE|A178|2015|1998|LLWJKWE|Sat Dec 06 22:00:42 EAT 2015
959B8D81-57D8-4FB2-8E01-BACA59B1DB85|Ishmael|Ezra|Nomlanga|MALE|A179|2015|1993|SHHSHW|Sat Dec 06 22:00:42 EAT 2013
37929926-C41C-41FC-B56A-BA5605E3DF8B|Uriel|Maris|Avram|MALE|A180|2015|1992|WHHWHHHQ2|Sat Dec 06 22:00:42 EAT 2014
C6C2A82D-0057-445F-ABC0-CA9556FDEC66|Rajah|Hanna|Mariko|MALE|A181|2015|1993|HSHSHHDHS|Sat Dec 06 22:00:42 EAT 2015
30054B93-C6BC-4E40-86C8-B6C8B4D31FFF|Jared|Dieter|Willa|MALE|A182|2015|1990|HAHHSH|Sat Dec 06 22:00:42 EAT 2014
75364A7F-3318-4657-B822-43B3B03AC082|Carson|Shellie|Meredith|MALE|A183|2015|1995|IQJJWH|Sat Dec 06 22:00:42 EAT 2013
405C767B-31A2-41AA-975F-C6C6FD093CED|Octavius|Cora|Winifred|MALE|A184|2015|1990|KQJJWHE|Sat Dec 06 22:00:42 EAT 2015
77D0FD40-AA44-4123-9127-237329E399B4|Kennedy|Aaron|Sage|MALE|A185|2015|1996|JQAJJJJ|Sat Dec 06 22:00:42 EAT 2014
58DD73DC-7DB9-46AE-879F-19A145F48C44|Gray|Theodore|Inez|MALE|A186|2015|1990|JAAJW|Sat Dec 06 22:00:42 EAT 2015
4DA2F4E9-6066-4E7E-9720-A7C537CA68FD|Ferris|Charity|Eve|MALE|A187|2015|1994|QHWJE|Sat Dec 06 22:00:42 EAT 2014
7B8C9862-BE38-4C19-B978-4F2D516264E8|Cooper|Hanae|Boris|MALE|A188|2015|1998|WHWEEW|Sat Dec 06 22:00:42 EAT 2015
160598CA-40D2-451D-83A2-B206444FBEB1|Ignatius|Dalton|Avye|MALE|A189|2015|1993|jkajhe|Sat Dec 06 22:00:42 EAT 2013
DF2E1067-D7AE-4267-ADF6-7A0E00580395|Vaughan|Cruz|Kylan|MALE|A190|2015|1992|HWHHE|Sat Dec 06 22:00:42 EAT 2014
E2C76120-6210-4382-87EB-D1831194CEAC|Malcolm|Candace|Hop|MALE|A191|2015|1993|OQIQJHE|Sat Dec 06 22:00:42 EAT 2015
A7DB662A-F029-4E61-B9DA-8F8FBB6E9C2B|Wyatt|Rama|Brenda|MALE|A192|2015|1990|JWJ1JI78|Sat Dec 06 22:00:42 EAT 2014
7EB28850-D359-447E-8A0E-772B53E56928|Mufutau|Dacey|Cailin|MALE|A193|2015|1995|7UWNSY|Sat Dec 06 22:00:42 EAT 2013
109E2190-1376-42E3-A1E3-CF3BBB3562C0|Victor|Macon|Caryn|MALE|A194|2015|1990|0912U8|Sat Dec 06 22:00:42 EAT 2015
BF417051-B59C-436F-A2D6-7882E12DFB2E|Daquan|Neville|Barry|MALE|A195|2015|1996|826YHE|Sat Dec 06 22:00:42 EAT 2014
A9B53E30-7945-4B3A-BCB5-735D45F7D90C|Todd|Joan|Sydnee|MALE|A196|2015|1990|5GWJWH|Sat Dec 06 22:00:42 EAT 2015
1274712B-8FD9-4E15-9920-98A1DB642CF3|Harper|Ursa|Lisandra|MALE|A197|2015|1994|7WSJJWHE|Sat Dec 06 22:00:42 EAT 2014
225FFAC7-C157-4775-9858-174D0FBCDC83|Cairo|Xanthus|Slade|MALE|A198|2015|1998|JWJHE7723|Sat Dec 06 22:00:42 EAT 2015
72E60D8A-A375-4248-9E8A-7AC5133138BD|Carlos|Zephr|Peter|MALE|A199|2015|1993|77WHHEHW|Sat Dec 06 22:00:42 EAT 2013
2EBB8D57-A3C7-4904-93D6-A6EBA2044917|Upton|Ronan|Charissa|MALE|A100|2015|1992|AJSJFIE|Sat Dec 06 22:00:42 EAT 2014
DCDDF517-3F74-4765-92D3-56F01EDA4799|Geoffrey|Edan|Hedy|MALE|A201|2015|1993|OAJHDD|Sat Dec 06 22:00:42 EAT 2015
A97FE25A-1029-4956-BA48-B6A3AE3064FE|Walker|Sybill|Damon|MALE|A202|2015|1990|KSNBFVGW|Sat Dec 06 22:00:42 EAT 2014
98149764-7A26-4688-AB73-B6B4D7980E4D|Forrest|Austin|Joshua|MALE|A203|2015|1995|KANEBHE|Sat Dec 06 22:00:42 EAT 2013
40BE24F7-0FC4-457A-8278-FAA795772822|Gareth|Quemby|Maia|MALE|A204|2015|1990|NDHGHW|Sat Dec 06 22:00:42 EAT 2015
BD7C786D-28F0-498D-A8C6-003AA44BA7B4|Todd|Rhea|Dexter|MALE|A205|2015|1996|WJNNSND|Sat Dec 06 22:00:42 EAT 2014
D5E65F43-12E9-4E6A-A013-9321434B7354|Thaddeus|Wesley|Anthony|MALE|A206|2015|1990|7H2BB|Sat Dec 06 22:00:42 EAT 2015
CBFDAB2C-E872-4821-AD2E-B8CA7F49C327|Micah|Meghan|Neil|MALE|A207|2015|1994|572S|Sat Dec 06 22:00:42 EAT 2014
A1B3A19D-64A2-4A62-A826-AC0341169294|Louis|Fredericka|Dawn|MALE|A208|2015|1998|51282H|Sat Dec 06 22:00:42 EAT 2015
217F42F7-4356-48D5-87E6-7E96CA44CE79|Oscar|Hyacinth|Breanna|MALE|A209|2015|1993|0USHQW2|Sat Dec 06 22:00:42 EAT 2013
139EB611-A803-4526-AFB9-7FBDB59F476D|Palmer|Kato|Marshall|MALE|A210|2015|1992|772SBS|Sat Dec 06 22:00:42 EAT 2014
477FC33A-FE04-4AB0-8B34-900777D5B3DA|Warren|Randall|Faith|MALE|A211|2015|1993|LAKJWSI|Sat Dec 06 22:00:42 EAT 2015
23CD741B-6649-4BBA-A534-25DD0C50CDA7|Stone|Marny|Kelly|MALE|A212|2015|1990|OQWIJEJE|Sat Dec 06 22:00:42 EAT 2014
A7122E4E-769B-4390-999F-B7EAD7F290C3|Tyler|Zorita|Maryam|MALE|A213|2015|1995|JJWIKEHW|Sat Dec 06 22:00:42 EAT 2013
46A7AB1A-E06C-42A5-8C6C-D8993BF4F839|Garrison|Yuli|Jason|MALE|A214|2015|1990|WJIWIIW|Sat Dec 06 22:00:42 EAT 2015
04A0C994-44DC-4CD0-9668-7AE36C3E6EEF|Travis|Amery|Amber|MALE|A215|2015|1996|JWKWWE|Sat Dec 06 22:00:42 EAT 2014
F569D85A-E160-4F4B-9E3C-D0331D345038|Dexter|Rahim|Patricia|MALE|A216|2015|1990|JWJKWE|Sat Dec 06 22:00:42 EAT 2015
C4B7E9A7-DE50-4373-AA51-DF38446B4756|Channing|Moses|Montana|MALE|A217|2015|1994|JLPOS|Sat Dec 06 22:00:42 EAT 2014
A0F4F2BE-4844-42A1-9D98-D3F095AE4F87|Daniel|Camille|Ezekiel|MALE|A218|2015|1998|PAGDHD|Sat Dec 06 22:00:42 EAT 2015
5054F6A5-228B-492E-87C2-788A558A1633|Donovan|Thane|Sawyer|MALE|A219|2015|1993|KAJHSG|Sat Dec 06 22:00:42 EAT 2013
01F368CA-CAEE-4C31-8B02-2D04E3709DD4|Quinn|Mallory|Akeem|MALE|A220|2015|1992|TWMXJ|Sat Dec 06 22:00:42 EAT 2014
5E664942-DDF6-4A75-9CD7-C0E1B68F3D76|Hector|Illiana|Carol|MALE|A221|2015|1993|HAIKMX|Sat Dec 06 22:00:42 EAT 2015
9B46BB38-4AF1-49B7-8100-1B25C478D9F5|Abbot|Aurora|Adara|MALE|A222|2015|1990|HSJQJ|Sat Dec 06 22:00:42 EAT 2014
D48BFC86-D108-4932-9F70-3478E604E830|Kadeem|Melinda|Sasha|MALE|A223|2015|1995|WHJNS|Sat Dec 06 22:00:42 EAT 2013
89B8755A-FDF5-41BA-8C27-B3858435FB86|Coby|Dora|Lane|MALE|A224|2015|1990|BHAIKSN|Sat Dec 06 22:00:42 EAT 2015
7903A066-B9BE-4C1D-B8D4-BB3207FD6FE2|Graham|Tatiana|Whilemina|MALE|A225|2015|1996|6BXNS|Sat Dec 06 22:00:42 EAT 2014
A52DEF60-7318-4176-AC19-FEEB995D02EC|Ashton|Vernon|Jacqueline|MALE|A236|2015|1990|YSNNS|Sat Dec 06 22:00:42 EAT 2015
FC23CD24-E61E-444C-A5D7-520899BED96D|Gage|Kelly|Griffith|MALE|A227|2015|1994|8HSNND|Sat Dec 06 22:00:42 EAT 2014
37EE450B-A4D5-4C13-A29B-93AF948AD2B1|Kadeem|Amir|Patrick|MALE|A228|2015|1998|U7NSSND|Sat Dec 06 22:00:42 EAT 2015
39054B85-CD7B-4E25-8577-EA250AE98CD6|Jerry|Bryar|Ignatius|MALE|A229|2015|1993|8NSNS|Sat Dec 06 22:00:42 EAT 2013
AC6A577C-A7BB-4539-A9B3-32FFF935B8CD|Damon|Suki|Castor|MALE|A230|2015|1992|8WSDNND|Sat Dec 06 22:00:42 EAT 2014
C650A260-BE1A-4E78-97F7-AA8B84591018|Moses|Gil|Dylan|MALE|A231|2015|1993|88USHS|Sat Dec 06 22:00:42 EAT 2015
CDCDA338-33ED-4675-902E-C00D107082ED|Mannix|Sydnee|Jocelyn|MALE|A232|2015|1990|8NSDND|Sat Dec 06 22:00:42 EAT 2014
E76665A4-BC71-4B0E-9FB6-A94976BA204D|Derek|Palmer|Violet|MALE|A233|2015|1995|DS6Y62DD|Sat Dec 06 22:00:42 EAT 2013
A281262A-0F0C-4593-9BBF-34CDA13B79EA|Joshua|Chancellor|TaShya|MALE|A234|2015|1990|NHHWTY2Y|Sat Dec 06 22:00:42 EAT 2015
5CB4E3CB-58DB-4DD0-B42C-5FFA1E55E1C3|Timon|Lillian|Sage|MALE|A235|2015|1996|KLJIP|Sat Dec 06 22:00:42 EAT 2014
9AFDE5BE-F5FD-47F8-8B87-C337A25FC258|Curran|Samantha|Vaughan|MALE|A236|2015|1990|PLIU|Sat Dec 06 22:00:42 EAT 2015
9CCE009F-2C80-40AE-9504-E901C3AC7C0B|Vance|Hedwig|Jena|MALE|A237|2015|1994|IOOOO|Sat Dec 06 22:00:42 EAT 2014
9A2851E1-D22B-458E-9AEC-954F1A40B7C7|Herrod|Nelle|Dorothy|MALE|A238|2015|1998|SDFFE|Sat Dec 06 22:00:42 EAT 2015
01C0BE4A-9618-4593-AE69-340092293313|Bert|September|Renee|MALE|A239|2015|1993|XDDF|Sat Dec 06 22:00:42 EAT 2013
95FDCCC2-0823-49B7-97C1-B83DC3F889D8|Rooney|Christen|Scarlett|MALE|A240|2015|1992|JJRVV|Sat Dec 06 22:00:42 EAT 2014
BA29BACF-52F8-4E5D-92C8-480E1688AF91|Brody|Naomi|Uriah|MALE|A241|2015|1993|DHHFR|Sat Dec 06 22:00:42 EAT 2015
29812CEA-1104-40EE-A9A0-3A25A83D8396|Dean|Cody|Kieran|MALE|A242|2015|1990|DDDF|Sat Dec 06 22:00:42 EAT 2014
6E6D8BE4-45FD-465E-A975-D6CC3F4B1221|Tarik|Sylvia|Simone|MALE|A243|2015|1995|aadff|Sat Dec 06 22:00:42 EAT 2013
F76334C5-C248-4BD3-85F4-2F87C93745A3|Ian|Sean|Debra|MALE|A244|2015|1990|33SD|Sat Dec 06 22:00:42 EAT 2015
DD295E0B-BFE2-4458-86DF-E8AA6165E8E1|Dylan|Oscar|Orla|MALE|A245|2015|1996|5VCG|Sat Dec 06 22:00:42 EAT 2014
963258B3-7F25-4DB5-AFF2-98DF86E61D61|Brandon|Calvin|Chiquita|MALE|A246|2015|1990|J88Q77|Sat Dec 06 22:00:42 EAT 2014
6672E5BB-A42F-4648-AAAA-990B0FFDF93B|Rashad|Elmo|Margaret|MALE|A247|2015|1994|AGGQQ|Sat Dec 06 22:00:42 EAT 2014
D6959C41-8569-4431-9F9E-69B19C55085B|Xavier|Lilah|Kirestin|MALE|A248|2015|1998|DHQ|Sat Dec 06 22:00:42 EAT 2015
7C9CE7BF-3063-4C4D-B076-37262123E32F|Palmer|Ivor|Levi|MALE|A249|2015|1993|HHQ|Sat Dec 06 22:00:42 EAT 2013
6FBBB25E-B826-4AE0-ACB7-322119D81AAF|Colin|Sigourney|Gregory|MALE|A250|2015|1992|WJJ|Sat Dec 06 22:00:42 EAT 2014
F300F936-7801-4312-8CBF-29FD34D0133E|Chancellor|Carter|Phyllis|MALE|A251|2015|1993|J88QWQ77|Sat Dec 06 22:00:42 EAT 2015
2D42B1B9-DB8D-4EB7-BEB2-66E1FD099298|Lucius|Tanya|Nora|MALE|A252|2015|1990|QQWEE|Sat Dec 06 22:00:42 EAT 2014
F606121C-5F68-4B3A-9E8B-08658659303F|Zeph|Brynne|Samantha|MALE|A233|2015|1995|HGAW2|Sat Dec 06 22:00:42 EAT 2013
44E37FF3-55B1-46AA-8640-6EF64C7A88F9|Brody|Quemby|Ruth|MALE|A254|2015|1990|UUQQBS|Sat Dec 06 22:00:42 EAT 2015
E56B1268-FCAF-465E-BB6D-6105F29903BB|Harper|Jermaine|Orson|MALE|A255|2015|1996|BSHHQ|Sat Dec 06 22:00:42 EAT 2014
09FEE751-2B4D-4A94-9E08-8308565A5839|Flynn|Kristen|Scarlett|MALE|A256|2015|1990|BASHW|Sat Dec 06 22:00:42 EAT 2015
E20BB62F-A3B7-4B4E-BEA5-9488E265C682|Ian|Lacota|Derek|MALE|A257|2015|1994|YY2B|Sat Dec 06 22:00:42 EAT 2014
3B4A6981-8FAE-44D7-A51A-8997010D8D88|Avram|Elijah|Bevis|MALE|A258|2015|1998|YYSD|Sat Dec 06 22:00:42 EAT 2015
19286851-DC25-46AD-AF8A-187742201267|Devin|Iola|Sharon|MALE|A259|2015|1993|AHHH|Sat Dec 06 22:00:42 EAT 2013
2C6AFEB3-41F8-4B9F-AEBE-3749DEA68E7D|Michael|Armando|Patience|MALE|A260|2015|1992|SBWY2|Sat Dec 06 22:00:42 EAT 2014
4B96EED2-4B0F-4AB0-9D29-9E796687AF3D|Galvin|Norman|Daniel|MALE|A261|2015|1993|SJAJY|Sat Dec 06 22:00:42 EAT 2015
AE432E24-87EE-4716-BE7A-FB522B76B55A|Chase|Randall|Bree|MALE|A262|2015|1990|NSY66|Sat Dec 06 22:00:42 EAT 2014
F6F70113-88CA-4365-AAAA-4846FA9592C8|Quamar|Derek|Chiquita|MALE|A263|2015|1995|6HX7W|Sat Dec 06 22:00:42 EAT 2013
58413CCF-5787-4BE4-AE10-6D50EC8A9EB7|Louis|Jada|Kimberley|MALE|A264|2015|1990|JHXYW|Sat Dec 06 22:00:42 EAT 2015
85A892CB-2AA4-4215-A13B-1FCC5FDD3CED|Marshall|Jillian|Lionel|MALE|A265|2015|1996|XHTW|Sat Dec 06 22:00:42 EAT 2014
85364817-AC76-4B45-9206-31038772C729|Carlos|Jaquelyn|Anjolie|MALE|A266|2015|1990|BXJW|Sat Dec 06 22:00:42 EAT 2015
1276B701-766A-4318-8CFE-889BC453A2BB|Vance|Ryan|Gary|MALE|A267|2015|1994|NSHSD|Sat Dec 06 22:00:42 EAT 2014
735FD421-C90E-4F51-B3B2-495062A20D8D|Omar|Teegan|Yardley|MALE|A268|2015|1998|JHJS78|Sat Dec 06 22:00:42 EAT 2015
570039E3-AAB1-4B0A-A547-81177E18C404|Palmer|Kato|Marshall|MALE|A269|2015|1993|JHJDS|Sat Dec 06 22:00:42 EAT 2013
B815EF28-020A-407A-9D15-8A681522FE7C|Warren|Randall|Faith|MALE|A270|2015|1992|MMKLH|Sat Dec 06 22:00:42 EAT 2014
9BA32268-A771-4FD9-ACB5-EA648C1F6DCC|Stone|Marny|Kelly|MALE|A271|2015|1993|HJYU|Sat Dec 06 22:00:42 EAT 2015
578038E6-0BEF-4F6D-81DF-124F916CA831|Tyler|Zorita|Maryam|MALE|A272|2015|1990|KLOP|Sat Dec 06 22:00:42 EAT 2014
4A272923-E402-4E23-B5D6-BAC0BE4CF323|Garrison|Yuli|Jason|MALE|A273|2015|1995|98THJK|Sat Dec 06 22:00:42 EAT 2013
1C0828A9-F44B-4E90-B603-D3148DDC89C7|Travis|Amery|Amber|MALE|A274|2015|1990|UUI89|Sat Dec 06 22:00:42 EAT 2015
CF4A1E2A-572E-429E-B33E-1E6DC7A5A0DC|Dexter|Rahim|Patricia|MALE|A275|2015|1996|JKKH|Sat Dec 06 22:00:42 EAT 2014
E1754E23-4038-4035-B4C2-131DBE87DA0C|Channing|Moses|Montana|MALE|A276|2015|1990|MNJ|Sat Dec 06 22:00:42 EAT 2015
B9B9581B-7D5D-4311-AA4A-ABA104C6ACCA|Daniel|Camille|Ezekiel|MALE|A277|2015|1994|0P98|Sat Dec 06 22:00:42 EAT 2014
3B58CA30-7E79-46B5-B446-F26DF0098FDE|Donovan|Thane|Sawyer|MALE|A278|2015|1998|UJIO9|Sat Dec 06 22:00:42 EAT 2015
D0E82E53-3E3A-4B49-A214-680B5F2D1164|Quinn|Mallory|Akeem|MALE|A279|2015|1993|9807Y|Sat Dec 06 22:00:42 EAT 2013
B38EE08C-6164-449E-8619-FF84676D5D46|Hector|Illiana|Carol|MALE|A280|2015|1992|TRO09|Sat Dec 06 22:00:42 EAT 2014
