Uuid|SchoolAccountUuid|StatusUuid|ClassRoomUuid|Admno|FirstName|LastName|SurName|Gender|DOB|BcertNo|County|RegTerm|SysUser|RegistrationDate
4F218688-6DE5-4E69-8690-66FBA2F0DC9F|E3CDC578-37BA-4CDB-B150-DAB0409270CD|85C6F08E-902C-46C2-8746-8C50E7D11E2E|4DA86139-6A72-4089-8858-6A3A613FDFE6|901|JORAM|NDUNGU|MURIITHI|MALE|11/06/94|L2374|Nyeri|1|Peter|Sat Dec 06 22:00:42 EAT 2014
A195BAF6-D6E7-43A5-B7C9-D6C627A42815|E3CDC578-37BA-4CDB-B150-DAB0409270CD|85C6F08E-902C-46C2-8746-8C50E7D11E2E|4DA86139-6A72-4089-8858-6A3A613FDFE6|902|PETER|NJERU|MWENDA|MALE|12/07/92|A78892|Tharaka Nithi|1|Denis|Sat Dec 06 22:00:42 EAT 2014
8A1B5BDB-9589-4207-8345-A811FC18B2C9|E3CDC578-37BA-4CDB-B150-DAB0409270CD|85C6F08E-902C-46C2-8746-8C50E7D11E2E|4DA86139-6A72-4089-8858-6A3A613FDFE6|903|JOHN|NGANGA|MURIITHI|MALE|09/07/93|A73893|Nyeri|1|Peter|Sat Dec 06 22:00:42 EAT 2014
AEED7469-F7AF-41E6-B24C-13B1D74E1026|E3CDC578-37BA-4CDB-B150-DAB0409270CD|85C6F08E-902C-46C2-8746-8C50E7D11E2E|4DA86139-6A72-4089-8858-6A3A613FDFE6|904|DENIS|GIKUNDA|MUTUMA|MALE|04/05/95|A77388|Meru|1|Peter|Sat Dec 06 22:00:42 EAT 2014
CF64EBB2-BCC2-4EAA-B1C8-060EEE3284F3|E3CDC578-37BA-4CDB-B150-DAB0409270CD|85C6F08E-902C-46C2-8746-8C50E7D11E2E|4DA86139-6A72-4089-8858-6A3A613FDFE6|905|BETTY|MWEBIA|KANANA|FEMALE|06/08/96|L98828|Meru|1|Peter|Sat Dec 06 22:00:42 EAT 2014
7BF6983F-CF8D-4897-8122-7CCD0F778CAF|E3CDC578-37BA-4CDB-B150-DAB0409270CD|85C6F08E-902C-46C2-8746-8C50E7D11E2E|4DA86139-6A72-4089-8858-6A3A613FDFE6|906|DORIS|NDUNGU|NDUTA|FEMALE|03/06/94|L98282|Muranga|1|Denis|Sat Dec 06 22:00:42 EAT 2014
87D0EA99-7042-4867-A4B7-C31E7665DE5E|E3CDC578-37BA-4CDB-B150-DAB0409270CD|85C6F08E-902C-46C2-8746-8C50E7D11E2E|4DA86139-6A72-4089-8858-6A3A613FDFE6|907|JOYCE|NJUGUNA|NJOKI|FEMALE|07/07/94|A77494|Nakuru|1|Denis|Sat Dec 06 22:00:42 EAT 2014
6912F4C6-9370-440A-BA87-11A8426BA92C|E3CDC578-37BA-4CDB-B150-DAB0409270CD|85C6F08E-902C-46C2-8746-8C50E7D11E2E|4DA86139-6A72-4089-8858-6A3A613FDFE6|908|DANIEL|MIGWI|NDUNG'U|MALE|02/23/94|L83773|Nyeri|1|Denis|Sat Dec 06 22:00:42 EAT 2014
91318D8C-8150-49B4-A473-CF97F104F6B7|E3CDC578-37BA-4CDB-B150-DAB0409270CD|85C6F08E-902C-46C2-8746-8C50E7D11E2E|4DA86139-6A72-4089-8858-6A3A613FDFE6|909|DENNIS|MUGAMBI|MURIITHI|MALE|04/20/93|A76733|Tharaka Nithi|1|Denis|Sat Dec 06 22:00:42 EAT 2014
DD9AF1EF-EEEC-49D3-A43F-802D7028BFD7|E3CDC578-37BA-4CDB-B150-DAB0409270CD|85C6F08E-902C-46C2-8746-8C50E7D11E2E|4DA86139-6A72-4089-8858-6A3A613FDFE6|910|DANCAN|KAMAU|WANGUI|MALE|11/06/94|L23772|Nakuru|1|Denis|Sat Dec 06 22:00:42 EAT 2014
62BC85B5-306F-4740-A215-48470CA31288|E3CDC578-37BA-4CDB-B150-DAB0409270CD|85C6F08E-902C-46C2-8746-8C50E7D11E2E|4DA86139-6A72-4089-8858-6A3A613FDFE6|911|MARY|AKOTH|OTIENO|FEMALE|11/09/93|B6T772|Kisumu|1|Denis|Sat Dec 06 22:00:42 EAT 2014
B2EEF18D-EE0A-4CA1-B6FE-B82F863D81B4|E3CDC578-37BA-4CDB-B150-DAB0409270CD|85C6F08E-902C-46C2-8746-8C50E7D11E2E|4DA86139-6A72-4089-8858-6A3A613FDFE6|912|TIM|KORIR|KIP|MALE|12/07/92|B67223|ELDORET|1|Denis|Sat Dec 06 22:00:42 EAT 2014
29A012E5-CDE3-45D8-9BB0-A25D3DBF0A92|E3CDC578-37BA-4CDB-B150-DAB0409270CD|85C6F08E-902C-46C2-8746-8C50E7D11E2E|4DA86139-6A72-4089-8858-6A3A613FDFE6|913|TOO|RONARD|KOECH|MALE|12/07/92|B76672|ELDORET|1|Denis|Sat Dec 06 22:00:42 EAT 2014
423C391C-4944-43F4-9034-9C6818E9C1A2|E3CDC578-37BA-4CDB-B150-DAB0409270CD|85C6F08E-902C-46C2-8746-8C50E7D11E2E|4DA86139-6A72-4089-8858-6A3A613FDFE6|914|LEAH|GATUMI|MORRIS|FEMALE|12/07/92|A76733|Tharaka Nithi|1|Denis|Sat Dec 06 22:00:42 EAT 2014
F67E977A-0102-4758-91E8-9782A570E75D|E3CDC578-37BA-4CDB-B150-DAB0409270CD|85C6F08E-902C-46C2-8746-8C50E7D11E2E|4DA86139-6A72-4089-8858-6A3A613FDFE6|915|MATI|MORRIS|NGUGI|MALE|12/07/92|L23772|Tharaka Nithi|1|Denis|Sat Dec 06 22:00:42 EAT 2014
EF70C8D3-6866-4F6E-8FC2-10665A8D9B12|E3CDC578-37BA-4CDB-B150-DAB0409270CD|85C6F08E-902C-46C2-8746-8C50E7D11E2E|4DA86139-6A72-4089-8858-6A3A613FDFE6|916|JUNE|ATIENO|OMOLLO|FEMALE|12/07/92|B6T772|Kisumu|1|Denis|Sat Dec 06 22:00:42 EAT 2014
123264D0-464E-4032-BEA5-CFECA81410C9|E3CDC578-37BA-4CDB-B150-DAB0409270CD|85C6F08E-902C-46C2-8746-8C50E7D11E2E|4DA86139-6A72-4089-8858-6A3A613FDFE6|917|ONDIEK|FELIX|OCHIENG|MALE|12/07/92|B67223|Kisumu|1|Denis|Sat Dec 06 22:00:42 EAT 2014
CA1F032F-1CA2-4DCE-8AAA-CB284E167A3E|E3CDC578-37BA-4CDB-B150-DAB0409270CD|85C6F08E-902C-46C2-8746-8C50E7D11E2E|4DA86139-6A72-4089-8858-6A3A613FDFE6|918|SANJE|KEITH|SEIYALEL|MALE|12/07/92|B76672|Narok|1|Denis|Sat Dec 06 22:00:42 EAT 2014
72A995F4-0C94-4FAA-8A43-2277B02B97D1|E3CDC578-37BA-4CDB-B150-DAB0409270CD|85C6F08E-902C-46C2-8746-8C50E7D11E2E|4DA86139-6A72-4089-8858-6A3A613FDFE6|919|ADAMS|GICHANE|MWANGI|MALE|12/07/92|A76733|Muranga|1|Denis|Sat Dec 06 22:00:42 EAT 2014
0DE968C9-7309-C481-58F7-AB6CDB1011EF|E3CDC578-37BA-4CDB-B150-DAB0409270CD|85C6F08E-902C-46C2-8746-8C50E7D11E2E|EEF296C6-0A09-499B-89AA-9AF92CC87701|920|JANE|NGENDO|PETER|FEMALE|12/07/94|A73877|Tharaka Nithi|1|Peter|Sat Dec 06 22:00:42 EAT 2014
C1F2964E-9DD5-4B7A-86BD-E7FCAFB9D9D9|E3CDC578-37BA-4CDB-B150-DAB0409270CD|85C6F08E-902C-46C2-8746-8C50E7D11E2E|EEF296C6-0A09-499B-89AA-9AF92CC87701|921|Gareth|Mohammad|Lars|MALE|11/06/94|50963|Nyeri|1|Peter|Sat Dec 06 22:00:42 EAT 2014
E4D9BF24-8574-463D-A816-A21CEC6CD548|E3CDC578-37BA-4CDB-B150-DAB0409270CD|85C6F08E-902C-46C2-8746-8C50E7D11E2E|EEF296C6-0A09-499B-89AA-9AF92CC87701|922|Deacon|Keane|Aladdin|MALE|12/07/92|67342|Tharaka Nithi|1|Denis|Sat Dec 06 22:00:42 EAT 2014
40F82118-26E7-4CCC-8456-195B5F009478|E3CDC578-37BA-4CDB-B150-DAB0409270CD|85C6F08E-902C-46C2-8746-8C50E7D11E2E|EEF296C6-0A09-499B-89AA-9AF92CC87701|923|Kasper|Raphael|Clayton|MALE|09/07/93|56555|Nyeri|1|Peter|Sat Dec 06 22:00:42 EAT 2014
0420916C-304D-4EB8-A847-8B4729E915C1|E3CDC578-37BA-4CDB-B150-DAB0409270CD|85C6F08E-902C-46C2-8746-8C50E7D11E2E|EEF296C6-0A09-499B-89AA-9AF92CC87701|924|Quinn|Finn|Jermaine|MALE|04/05/95|47094|Meru|1|Peter|Sat Dec 06 22:00:42 EAT 2014
199C78A9-4708-451E-8C87-8E6B4F47AAD9|E3CDC578-37BA-4CDB-B150-DAB0409270CD|85C6F08E-902C-46C2-8746-8C50E7D11E2E|EEF296C6-0A09-499B-89AA-9AF92CC87701|925|Hamish|Jameson|Thomas|FEMALE|06/08/96|7046|Meru|1|Peter|Sat Dec 06 22:00:42 EAT 2014
B404AA65-25A3-40B0-8462-D377A926354F|E3CDC578-37BA-4CDB-B150-DAB0409270CD|85C6F08E-902C-46C2-8746-8C50E7D11E2E|EEF296C6-0A09-499B-89AA-9AF92CC87701|926|Tobias|Raphael|Jackson|FEMALE|03/06/94|57262|Muranga|1|Denis|Sat Dec 06 22:00:42 EAT 2014
B7B6D6E6-84B1-47F6-AA1B-AA34AEB7D236|E3CDC578-37BA-4CDB-B150-DAB0409270CD|85C6F08E-902C-46C2-8746-8C50E7D11E2E|EEF296C6-0A09-499B-89AA-9AF92CC87701|927|Byron|Hunter|Dante|FEMALE|07/07/94|25243|Nakuru|1|Denis|Sat Dec 06 22:00:42 EAT 2014
7559C867-A833-4DA2-816B-51D4636033A3|E3CDC578-37BA-4CDB-B150-DAB0409270CD|85C6F08E-902C-46C2-8746-8C50E7D11E2E|EEF296C6-0A09-499B-89AA-9AF92CC87701|928|Lionel|Nero|Dennis|MALE|02/23/94|31521|Nyeri|1|Denis|Sat Dec 06 22:00:42 EAT 2014
7FC3A038-C5DE-4DEE-AE2D-E2ED230AB328|E3CDC578-37BA-4CDB-B150-DAB0409270CD|85C6F08E-902C-46C2-8746-8C50E7D11E2E|EEF296C6-0A09-499B-89AA-9AF92CC87701|929|Jamal|Ryder|Zane|MALE|04/20/93|62799|Tharaka Nithi|1|Denis|Sat Dec 06 22:00:42 EAT 2014
4A4D0394-0FBD-4014-98A5-D3CE9161A568|E3CDC578-37BA-4CDB-B150-DAB0409270CD|85C6F08E-902C-46C2-8746-8C50E7D11E2E|EEF296C6-0A09-499B-89AA-9AF92CC87701|930|Finn|Len|Lewis|MALE|11/06/94|8186|Nakuru|1|Denis|Sat Dec 06 22:00:42 EAT 2014
CB0EF175-8A57-49D7-A1D4-89D0C6E3A497|E3CDC578-37BA-4CDB-B150-DAB0409270CD|85C6F08E-902C-46C2-8746-8C50E7D11E2E|EEF296C6-0A09-499B-89AA-9AF92CC87701|931|Chandler|Murphy|Theodore|FEMALE|11/09/93|72814|Kisumu|1|Denis|Sat Dec 06 22:00:42 EAT 2014
309B97E9-72AB-4FD0-A282-8410413ACE46|E3CDC578-37BA-4CDB-B150-DAB0409270CD|85C6F08E-902C-46C2-8746-8C50E7D11E2E|EEF296C6-0A09-499B-89AA-9AF92CC87701|932|Dean|Nathan|Eric|MALE|12/07/92|46954|ELDORET|1|Denis|Sat Dec 06 22:00:42 EAT 2014
307ED34F-D6B5-4EE8-AB44-543305B12085|E3CDC578-37BA-4CDB-B150-DAB0409270CD|85C6F08E-902C-46C2-8746-8C50E7D11E2E|EEF296C6-0A09-499B-89AA-9AF92CC87701|933|Benedict|Duncan|Jared|MALE|12/07/92|68203|ELDORET|1|Denis|Sat Dec 06 22:00:42 EAT 2014
97BAC717-C0A7-47F7-9918-C56658E6D792|E3CDC578-37BA-4CDB-B150-DAB0409270CD|85C6F08E-902C-46C2-8746-8C50E7D11E2E|EEF296C6-0A09-499B-89AA-9AF92CC87701|934|Keane|Baxter|Leonard|FEMALE|12/07/92|39880|Tharaka Nithi|1|Denis|Sat Dec 06 22:00:42 EAT 2014
466D93AD-B0D7-4B29-89C0-569A421763D6|E3CDC578-37BA-4CDB-B150-DAB0409270CD|85C6F08E-902C-46C2-8746-8C50E7D11E2E|EEF296C6-0A09-499B-89AA-9AF92CC87701|935|Tanek|Noble|Tarik|MALE|12/07/92|29717|Tharaka Nithi|1|Denis|Sat Dec 06 22:00:42 EAT 2014
41C68FA5-4A98-4BB2-B702-68DD844F92B0|E3CDC578-37BA-4CDB-B150-DAB0409270CD|85C6F08E-902C-46C2-8746-8C50E7D11E2E|EEF296C6-0A09-499B-89AA-9AF92CC87701|936|Baxter|Rajah|Grady|FEMALE|12/07/92|18948|Kisumu|1|Denis|Sat Dec 06 22:00:42 EAT 2014
9208D11F-98E8-47B8-8DFC-4215FC2EF127|E3CDC578-37BA-4CDB-B150-DAB0409270CD|85C6F08E-902C-46C2-8746-8C50E7D11E2E|EEF296C6-0A09-499B-89AA-9AF92CC87701|937|Oren|Stone|Ross|MALE|12/07/92|74448|Kisumu|1|Denis|Sat Dec 06 22:00:42 EAT 2014
3013780A-61AD-4BAA-8666-C89CC1A555F8|E3CDC578-37BA-4CDB-B150-DAB0409270CD|85C6F08E-902C-46C2-8746-8C50E7D11E2E|EEF296C6-0A09-499B-89AA-9AF92CC87701|938|Stewart|Cody|Erasmus|MALE|12/07/92|88003|Narok|1|Denis|Sat Dec 06 22:00:42 EAT 2014
3C14C92D-9113-4289-8A69-564BF3F3D871|E3CDC578-37BA-4CDB-B150-DAB0409270CD|85C6F08E-902C-46C2-8746-8C50E7D11E2E|EEF296C6-0A09-499B-89AA-9AF92CC87701|939|Ethan|Melvin|Tate|MALE|12/07/92|32638|Muranga|1|Denis|Sat Dec 06 22:00:42 EAT 2014
E9888085-FD91-4551-9274-50BA485A9637|E3CDC578-37BA-4CDB-B150-DAB0409270CD|85C6F08E-902C-46C2-8746-8C50E7D11E2E|EEF296C6-0A09-499B-89AA-9AF92CC87701|940|Ulric|Ashton|Brandon|FEMALE|12/07/94|46478|Tharaka Nithi|1|Peter|Sat Dec 06 22:00:42 EAT 2014
DDAD0F9E-C85B-462D-8A57-FCE97AEE4EF0|E3CDC578-37BA-4CDB-B150-DAB0409270CD|85C6F08E-902C-46C2-8746-8C50E7D11E2E|EEF296C6-0A09-499B-89AA-9AF92CC87701|941|Otto|Clark|Fuller|MALE|11/06/94|99508|Nyeri|1|Peter|Sat Dec 06 22:00:42 EAT 2014
6799DC5E-5CEB-4D60-BD75-EAA9FFFDE30F|E3CDC578-37BA-4CDB-B150-DAB0409270CD|85C6F08E-902C-46C2-8746-8C50E7D11E2E|EEF296C6-0A09-499B-89AA-9AF92CC87701|942|Jamal|Len|Hu|MALE|12/07/92|36105|Tharaka Nithi|1|Denis|Sat Dec 06 22:00:42 EAT 2014
85728858-0D2E-4DA6-9901-941B737421E5|E3CDC578-37BA-4CDB-B150-DAB0409270CD|85C6F08E-902C-46C2-8746-8C50E7D11E2E|EEF296C6-0A09-499B-89AA-9AF92CC87701|943|Jarrod|Keefe|Rigel|MALE|09/07/93|52383|Nyeri|1|Peter|Sat Dec 06 22:00:42 EAT 2014
2A4FD176-029E-4DA0-A08A-036BF438EDE7|E3CDC578-37BA-4CDB-B150-DAB0409270CD|85C6F08E-902C-46C2-8746-8C50E7D11E2E|EEF296C6-0A09-499B-89AA-9AF92CC87701|944|Charles|Ulysses|Noah|MALE|04/05/95|91082|Meru|1|Peter|Sat Dec 06 22:00:42 EAT 2014
1381D1CA-EB72-4D72-A793-D692BE1483C9|E3CDC578-37BA-4CDB-B150-DAB0409270CD|85C6F08E-902C-46C2-8746-8C50E7D11E2E|EEF296C6-0A09-499B-89AA-9AF92CC87701|945|Xenos|Colton|Dante|FEMALE|06/08/96|63608|Meru|1|Peter|Sat Dec 06 22:00:42 EAT 2014
81B20DD2-7462-47FB-B597-1BDAA8A9F0EF|E3CDC578-37BA-4CDB-B150-DAB0409270CD|85C6F08E-902C-46C2-8746-8C50E7D11E2E|EEF296C6-0A09-499B-89AA-9AF92CC87701|946|Alvin|Mannix|Howard|FEMALE|03/06/94|84305|Muranga|1|Denis|Sat Dec 06 22:00:42 EAT 2014
0BB327CC-1E4B-497E-9A77-7A49419D95C7|E3CDC578-37BA-4CDB-B150-DAB0409270CD|85C6F08E-902C-46C2-8746-8C50E7D11E2E|EEF296C6-0A09-499B-89AA-9AF92CC87701|947|Clayton|Price|Zahir|FEMALE|07/07/94|83809|Nakuru|1|Denis|Sat Dec 06 22:00:42 EAT 2014
AA1B14EB-5CA0-4FA1-B665-697342B2782D|E3CDC578-37BA-4CDB-B150-DAB0409270CD|85C6F08E-902C-46C2-8746-8C50E7D11E2E|EEF296C6-0A09-499B-89AA-9AF92CC87701|948|Conan|Alan|Maxwell|MALE|02/23/94|22446|Nyeri|1|Denis|Sat Dec 06 22:00:42 EAT 2014
5B3BD314-7489-4F0E-8BD8-35DF4DF3FC5C|E3CDC578-37BA-4CDB-B150-DAB0409270CD|85C6F08E-902C-46C2-8746-8C50E7D11E2E|EEF296C6-0A09-499B-89AA-9AF92CC87701|949|Plato|Keegan|Chaney|MALE|04/20/93|99468|Tharaka Nithi|1|Denis|Sat Dec 06 22:00:42 EAT 2014
89AE9658-3882-484D-B1D5-9E13F554DF2B|E3CDC578-37BA-4CDB-B150-DAB0409270CD|85C6F08E-902C-46C2-8746-8C50E7D11E2E|EEF296C6-0A09-499B-89AA-9AF92CC87701|950|Nehru|Abel|Forrest|MALE|11/06/94|77055|Nakuru|1|Denis|Sat Dec 06 22:00:42 EAT 2014
87671173-70A4-435F-8C3F-14695782B8CF|E3CDC578-37BA-4CDB-B150-DAB0409270CD|85C6F08E-902C-46C2-8746-8C50E7D11E2E|EEF296C6-0A09-499B-89AA-9AF92CC87701|951|Wang|Dexter|Nolan|FEMALE|11/09/93|59842|Kisumu|1|Denis|Sat Dec 06 22:00:42 EAT 2014
3AD1F311-C539-4FED-B840-6B6081BDB2E7|E3CDC578-37BA-4CDB-B150-DAB0409270CD|85C6F08E-902C-46C2-8746-8C50E7D11E2E|EEF296C6-0A09-499B-89AA-9AF92CC87701|952|Robert|Justin|Harper|MALE|12/07/92|12624|ELDORET|1|Denis|Sat Dec 06 22:00:42 EAT 2014
90342A1E-0084-4EB2-9D11-2191B59FA1A6|E3CDC578-37BA-4CDB-B150-DAB0409270CD|85C6F08E-902C-46C2-8746-8C50E7D11E2E|EEF296C6-0A09-499B-89AA-9AF92CC87701|953|Zane|Ira|Clayton|MALE|12/07/92|55221|ELDORET|1|Denis|Sat Dec 06 22:00:42 EAT 2014
799CA5BA-3FA6-4773-BC2E-3C68E1213AC6|E3CDC578-37BA-4CDB-B150-DAB0409270CD|85C6F08E-902C-46C2-8746-8C50E7D11E2E|EEF296C6-0A09-499B-89AA-9AF92CC87701|954|Anthony|Scott|Brenden|FEMALE|12/07/92|69240|Tharaka Nithi|1|Denis|Sat Dec 06 22:00:42 EAT 2014
91DA9E7C-CAA1-4438-A1D7-DD071CFAFF8F|E3CDC578-37BA-4CDB-B150-DAB0409270CD|85C6F08E-902C-46C2-8746-8C50E7D11E2E|EEF296C6-0A09-499B-89AA-9AF92CC87701|955|Ali|Lionel|Hector|MALE|12/07/92|13362|Tharaka Nithi|1|Denis|Sat Dec 06 22:00:42 EAT 2014
11FFC61B-DCDB-4DEE-B9C5-E9DD22B9E575|E3CDC578-37BA-4CDB-B150-DAB0409270CD|85C6F08E-902C-46C2-8746-8C50E7D11E2E|EEF296C6-0A09-499B-89AA-9AF92CC87701|956|Howard|Kane|Elton|FEMALE|12/07/92|19977|Kisumu|1|Denis|Sat Dec 06 22:00:42 EAT 2014
91DAFF4B-C8B9-4B46-A971-E66955D66332|E3CDC578-37BA-4CDB-B150-DAB0409270CD|85C6F08E-902C-46C2-8746-8C50E7D11E2E|EEF296C6-0A09-499B-89AA-9AF92CC87701|957|Edan|Grant|Benedict|MALE|12/07/92|34106|Kisumu|1|Denis|Sat Dec 06 22:00:42 EAT 2014
F5B016C3-DE03-4097-B006-616E8EE832CE|E3CDC578-37BA-4CDB-B150-DAB0409270CD|85C6F08E-902C-46C2-8746-8C50E7D11E2E|EEF296C6-0A09-499B-89AA-9AF92CC87701|958|Preston|Howard|Perry|MALE|12/07/92|94303|Narok|1|Denis|Sat Dec 06 22:00:42 EAT 2014
A2DA52F4-EDAE-4866-9228-634AFC4F5458|E3CDC578-37BA-4CDB-B150-DAB0409270CD|85C6F08E-902C-46C2-8746-8C50E7D11E2E|EEF296C6-0A09-499B-89AA-9AF92CC87701|959|Francis|Myles|Kirk|MALE|12/07/92|66398|Muranga|1|Denis|Sat Dec 06 22:00:42 EAT 2014
BBE08494-134E-4E03-B8B6-44D2C9AFF521|E3CDC578-37BA-4CDB-B150-DAB0409270CD|85C6F08E-902C-46C2-8746-8C50E7D11E2E|EEF296C6-0A09-499B-89AA-9AF92CC87701|960|Palmer|Jakeem|Levi|FEMALE|12/07/94|79258|Tharaka Nithi|1|Peter|Sat Dec 06 22:00:42 EAT 2014
D28063C0-F2B8-4A47-9817-19656004C279|E3CDC578-37BA-4CDB-B150-DAB0409270CD|85C6F08E-902C-46C2-8746-8C50E7D11E2E|EEF296C6-0A09-499B-89AA-9AF92CC87701|961|Emery|Ethan|James|MALE|11/06/94|78346|Nyeri|1|Peter|Sat Dec 06 22:00:42 EAT 2014
C72A3B1C-A13C-462C-BDB7-AFDEFF5F2DA8|E3CDC578-37BA-4CDB-B150-DAB0409270CD|85C6F08E-902C-46C2-8746-8C50E7D11E2E|EEF296C6-0A09-499B-89AA-9AF92CC87701|962|Oliver|Carlos|Deacon|MALE|12/07/92|90738|Tharaka Nithi|1|Denis|Sat Dec 06 22:00:42 EAT 2014
9F22612B-A69B-41D3-8819-F71420D6DF2F|E3CDC578-37BA-4CDB-B150-DAB0409270CD|85C6F08E-902C-46C2-8746-8C50E7D11E2E|EEF296C6-0A09-499B-89AA-9AF92CC87701|963|Gannon|Ross|Clarke|MALE|09/07/93|87909|Nyeri|1|Peter|Sat Dec 06 22:00:42 EAT 2014
E4CBA165-C6EE-4B1D-ADC8-C327B77B6B13|E3CDC578-37BA-4CDB-B150-DAB0409270CD|85C6F08E-902C-46C2-8746-8C50E7D11E2E|EEF296C6-0A09-499B-89AA-9AF92CC87701|964|Gray|Dante|Victor|MALE|04/05/95|79530|Meru|1|Peter|Sat Dec 06 22:00:42 EAT 2014
F26BC70F-FDDC-4383-A8D9-E0E5457834D9|E3CDC578-37BA-4CDB-B150-DAB0409270CD|85C6F08E-902C-46C2-8746-8C50E7D11E2E|EEF296C6-0A09-499B-89AA-9AF92CC87701|965|Ryan|Xenos|Bevis|FEMALE|06/08/96|10315|Meru|1|Peter|Sat Dec 06 22:00:42 EAT 2014
BDBD35C0-F0A5-46F8-AFFF-5F2BBC182C25|E3CDC578-37BA-4CDB-B150-DAB0409270CD|85C6F08E-902C-46C2-8746-8C50E7D11E2E|EEF296C6-0A09-499B-89AA-9AF92CC87701|966|Rigel|Len|Hayes|FEMALE|03/06/94|2706|Muranga|1|Denis|Sat Dec 06 22:00:42 EAT 2014
31638728-0D17-4D23-B876-FF238D90B7F9|E3CDC578-37BA-4CDB-B150-DAB0409270CD|85C6F08E-902C-46C2-8746-8C50E7D11E2E|EEF296C6-0A09-499B-89AA-9AF92CC87701|967|Micah|Micah|Warren|FEMALE|07/07/94|49665|Nakuru|1|Denis|Sat Dec 06 22:00:42 EAT 2014
172EE44D-088A-4766-A021-690628406CB9|E3CDC578-37BA-4CDB-B150-DAB0409270CD|85C6F08E-902C-46C2-8746-8C50E7D11E2E|EEF296C6-0A09-499B-89AA-9AF92CC87701|968|Calvin|Hiram|Jameson|MALE|02/23/94|59519|Nyeri|1|Denis|Sat Dec 06 22:00:42 EAT 2014
582A7D9B-1159-40C5-B8EF-21173770BFA3|E3CDC578-37BA-4CDB-B150-DAB0409270CD|85C6F08E-902C-46C2-8746-8C50E7D11E2E|EEF296C6-0A09-499B-89AA-9AF92CC87701|969|Jordan|Wesley|Magee|MALE|04/20/93|72687|Tharaka Nithi|1|Denis|Sat Dec 06 22:00:42 EAT 2014
777CE711-981A-4613-AAA3-99E1140E90E9|E3CDC578-37BA-4CDB-B150-DAB0409270CD|85C6F08E-902C-46C2-8746-8C50E7D11E2E|EEF296C6-0A09-499B-89AA-9AF92CC87701|970|Mark|Herrod|Nathaniel|MALE|11/06/94|5563|Nakuru|1|Denis|Sat Dec 06 22:00:42 EAT 2014
289A87A1-3936-4012-9487-7B5598F672C9|E3CDC578-37BA-4CDB-B150-DAB0409270CD|85C6F08E-902C-46C2-8746-8C50E7D11E2E|EEF296C6-0A09-499B-89AA-9AF92CC87701|971|Cullen|Stewart|Byron|FEMALE|11/09/93|48558|Kisumu|1|Denis|Sat Dec 06 22:00:42 EAT 2014
F07D8FE7-DA87-40EB-A294-D06BDAC8F438|E3CDC578-37BA-4CDB-B150-DAB0409270CD|85C6F08E-902C-46C2-8746-8C50E7D11E2E|EEF296C6-0A09-499B-89AA-9AF92CC87701|972|Gregory|Derek|Bert|MALE|12/07/92|43313|ELDORET|1|Denis|Sat Dec 06 22:00:42 EAT 2014
A2678067-A7A3-4D10-A30C-C3789B180A70|E3CDC578-37BA-4CDB-B150-DAB0409270CD|85C6F08E-902C-46C2-8746-8C50E7D11E2E|EEF296C6-0A09-499B-89AA-9AF92CC87701|973|Stephen|Orlando|Bradley|MALE|12/07/92|91850|ELDORET|1|Denis|Sat Dec 06 22:00:42 EAT 2014
2F073061-C5C3-4359-B4DE-5E17D74D6620|E3CDC578-37BA-4CDB-B150-DAB0409270CD|85C6F08E-902C-46C2-8746-8C50E7D11E2E|EEF296C6-0A09-499B-89AA-9AF92CC87701|974|Armand|Deacon|Samuel|FEMALE|12/07/92|18153|Tharaka Nithi|1|Denis|Sat Dec 06 22:00:42 EAT 2014
539D4A11-2C5B-40BC-91A2-44998747E8AD|E3CDC578-37BA-4CDB-B150-DAB0409270CD|85C6F08E-902C-46C2-8746-8C50E7D11E2E|EEF296C6-0A09-499B-89AA-9AF92CC87701|975|Garrison|Paki|Alexander|MALE|12/07/92|19728|Tharaka Nithi|1|Denis|Sat Dec 06 22:00:42 EAT 2014
EE943C52-EF11-4D6C-BEBF-CE5901394CB3|E3CDC578-37BA-4CDB-B150-DAB0409270CD|85C6F08E-902C-46C2-8746-8C50E7D11E2E|EEF296C6-0A09-499B-89AA-9AF92CC87701|976|Callum|Dalton|Cooper|FEMALE|12/07/92|1004|Kisumu|1|Denis|Sat Dec 06 22:00:42 EAT 2014
743DB4A9-876D-4148-828D-A0CC23B736CC|E3CDC578-37BA-4CDB-B150-DAB0409270CD|85C6F08E-902C-46C2-8746-8C50E7D11E2E|EEF296C6-0A09-499B-89AA-9AF92CC87701|977|Benjamin|Baxter|Elijah|MALE|12/07/92|8454|Kisumu|1|Denis|Sat Dec 06 22:00:42 EAT 2014
CE880C8E-C8D0-49A3-AA4A-8294F8F3F307|E3CDC578-37BA-4CDB-B150-DAB0409270CD|85C6F08E-902C-46C2-8746-8C50E7D11E2E|EEF296C6-0A09-499B-89AA-9AF92CC87701|978|Blaze|Nissim|Barry|MALE|12/07/92|79826|Narok|1|Denis|Sat Dec 06 22:00:42 EAT 2014
20CA9579-140F-4DAB-8587-30AEAD28B04E|E3CDC578-37BA-4CDB-B150-DAB0409270CD|85C6F08E-902C-46C2-8746-8C50E7D11E2E|EEF296C6-0A09-499B-89AA-9AF92CC87701|979|Jarrod|Ross|Murphy|MALE|12/07/92|4724|Muranga|1|Denis|Sat Dec 06 22:00:42 EAT 2014
505B0413-C444-4B53-99E2-BFA56F3F771A|E3CDC578-37BA-4CDB-B150-DAB0409270CD|85C6F08E-902C-46C2-8746-8C50E7D11E2E|EEF296C6-0A09-499B-89AA-9AF92CC87701|980|Dorian|Travis|Ryder|FEMALE|12/07/94|68495|Tharaka Nithi|1|Peter|Sat Dec 06 22:00:42 EAT 2014
A48C8714-0012-4AF0-AE0F-0C3932980FC5|E3CDC578-37BA-4CDB-B150-DAB0409270CD|85C6F08E-902C-46C2-8746-8C50E7D11E2E|EEF296C6-0A09-499B-89AA-9AF92CC87701|981|Ivor|Hamilton|Ali|MALE|11/06/94|93341|Nyeri|1|Peter|Sat Dec 06 22:00:42 EAT 2014
3DC2A34B-008C-4C2C-BD11-262FB0DA6BB3|E3CDC578-37BA-4CDB-B150-DAB0409270CD|85C6F08E-902C-46C2-8746-8C50E7D11E2E|EEF296C6-0A09-499B-89AA-9AF92CC87701|982|Jelani|Carl|Armand|MALE|12/07/92|17093|Tharaka Nithi|1|Denis|Sat Dec 06 22:00:42 EAT 2014
5CF574B4-1464-4BEC-AD86-84639DE8EB1A|E3CDC578-37BA-4CDB-B150-DAB0409270CD|85C6F08E-902C-46C2-8746-8C50E7D11E2E|EEF296C6-0A09-499B-89AA-9AF92CC87701|983|Hasad|Alexander|Richard|MALE|09/07/93|93942|Nyeri|1|Peter|Sat Dec 06 22:00:42 EAT 2014
7C3BAB0E-C09E-4238-B3C0-9FAF188A53B7|E3CDC578-37BA-4CDB-B150-DAB0409270CD|85C6F08E-902C-46C2-8746-8C50E7D11E2E|EEF296C6-0A09-499B-89AA-9AF92CC87701|984|Eric|Tyrone|Cairo|MALE|04/05/95|77240|Meru|1|Peter|Sat Dec 06 22:00:42 EAT 2014
CD23A751-4F7F-4CA4-9B98-CA509B1C9BE9|E3CDC578-37BA-4CDB-B150-DAB0409270CD|85C6F08E-902C-46C2-8746-8C50E7D11E2E|EEF296C6-0A09-499B-89AA-9AF92CC87701|985|Philip|Eagan|Dexter|FEMALE|06/08/96|32437|Meru|1|Peter|Sat Dec 06 22:00:42 EAT 2014
E3AC3BF6-7832-4CFA-A684-F866CFF1EC03|E3CDC578-37BA-4CDB-B150-DAB0409270CD|85C6F08E-902C-46C2-8746-8C50E7D11E2E|EEF296C6-0A09-499B-89AA-9AF92CC87701|986|Matthew|Austin|Elton|FEMALE|03/06/94|10520|Muranga|1|Denis|Sat Dec 06 22:00:42 EAT 2014
54A61629-5C00-42D7-9167-44AC3E6A1D49|E3CDC578-37BA-4CDB-B150-DAB0409270CD|85C6F08E-902C-46C2-8746-8C50E7D11E2E|EEF296C6-0A09-499B-89AA-9AF92CC87701|987|Oliver|William|Drew|FEMALE|07/07/94|18212|Nakuru|1|Denis|Sat Dec 06 22:00:42 EAT 2014
2F1D0FF2-D63F-42EC-B26C-728328BD2D2E|E3CDC578-37BA-4CDB-B150-DAB0409270CD|85C6F08E-902C-46C2-8746-8C50E7D11E2E|EEF296C6-0A09-499B-89AA-9AF92CC87701|988|Zachary|Colorado|Ira|MALE|02/23/94|69722|Nyeri|1|Denis|Sat Dec 06 22:00:42 EAT 2014
6B6E166D-6F1C-4594-AC6F-220CC73C569A|E3CDC578-37BA-4CDB-B150-DAB0409270CD|85C6F08E-902C-46C2-8746-8C50E7D11E2E|EEF296C6-0A09-499B-89AA-9AF92CC87701|989|Wylie|Rigel|Cole|MALE|04/20/93|26655|Tharaka Nithi|1|Denis|Sat Dec 06 22:00:42 EAT 2014
3F6F8ACF-477F-4E93-9099-524272131150|E3CDC578-37BA-4CDB-B150-DAB0409270CD|85C6F08E-902C-46C2-8746-8C50E7D11E2E|EEF296C6-0A09-499B-89AA-9AF92CC87701|990|Vance|Thaddeus|Brenden|MALE|11/06/94|62724|Nakuru|1|Denis|Sat Dec 06 22:00:42 EAT 2014
CEAECA2A-D0DE-4E78-B663-2C2265C56E5A|E3CDC578-37BA-4CDB-B150-DAB0409270CD|85C6F08E-902C-46C2-8746-8C50E7D11E2E|EEF296C6-0A09-499B-89AA-9AF92CC87701|991|Dustin|Ira|Bevis|FEMALE|11/09/93|43015|Kisumu|1|Denis|Sat Dec 06 22:00:42 EAT 2014
7193EB96-25D8-4FC0-AA1F-F76B0695AB1D|E3CDC578-37BA-4CDB-B150-DAB0409270CD|85C6F08E-902C-46C2-8746-8C50E7D11E2E|EEF296C6-0A09-499B-89AA-9AF92CC87701|992|Kennedy|Emmanuel|Jonah|MALE|12/07/92|79317|ELDORET|1|Denis|Sat Dec 06 22:00:42 EAT 2014
9BDEB2F2-AE2F-4D41-95A7-075FE76077C9|E3CDC578-37BA-4CDB-B150-DAB0409270CD|85C6F08E-902C-46C2-8746-8C50E7D11E2E|EEF296C6-0A09-499B-89AA-9AF92CC87701|993|Colt|Bruno|Holmes|MALE|12/07/92|84701|ELDORET|1|Denis|Sat Dec 06 22:00:42 EAT 2014
40CC3205-3CE2-4FB3-9331-5AC66B8FAA3D|E3CDC578-37BA-4CDB-B150-DAB0409270CD|85C6F08E-902C-46C2-8746-8C50E7D11E2E|EEF296C6-0A09-499B-89AA-9AF92CC87701|994|Byron|Marvin|Connor|FEMALE|12/07/92|76927|Tharaka Nithi|1|Denis|Sat Dec 06 22:00:42 EAT 2014
0B19CA51-195B-4FF1-9BC0-2B75DA47A5B2|E3CDC578-37BA-4CDB-B150-DAB0409270CD|85C6F08E-902C-46C2-8746-8C50E7D11E2E|EEF296C6-0A09-499B-89AA-9AF92CC87701|995|Camden|Howard|Cyrus|MALE|12/07/92|14261|Tharaka Nithi|1|Denis|Sat Dec 06 22:00:42 EAT 2014
745823C6-C558-45D0-A477-B963799C8F28|E3CDC578-37BA-4CDB-B150-DAB0409270CD|85C6F08E-902C-46C2-8746-8C50E7D11E2E|EEF296C6-0A09-499B-89AA-9AF92CC87701|996|Marsden|Oleg|Prescott|FEMALE|12/07/92|99028|Kisumu|1|Denis|Sat Dec 06 22:00:42 EAT 2014
9D3BEDC0-924F-434C-8CFE-4EF4EE2323C9|E3CDC578-37BA-4CDB-B150-DAB0409270CD|85C6F08E-902C-46C2-8746-8C50E7D11E2E|EEF296C6-0A09-499B-89AA-9AF92CC87701|997|Cade|Giacomo|Quinn|MALE|12/07/92|52527|Kisumu|1|Denis|Sat Dec 06 22:00:42 EAT 2014
CC6D62A0-5AA0-46CA-A0AA-C0A651021BDA|E3CDC578-37BA-4CDB-B150-DAB0409270CD|85C6F08E-902C-46C2-8746-8C50E7D11E2E|EEF296C6-0A09-499B-89AA-9AF92CC87701|998|Dominic|Keefe|Gabriel|MALE|12/07/92|96563|Narok|1|Denis|Sat Dec 06 22:00:42 EAT 2014
E9E5C637-E205-4479-B0E8-4F547DEFE169|E3CDC578-37BA-4CDB-B150-DAB0409270CD|85C6F08E-902C-46C2-8746-8C50E7D11E2E|EEF296C6-0A09-499B-89AA-9AF92CC87701|999|Igor|Cain|Malachi|MALE|12/07/92|83210|Muranga|1|Denis|Sat Dec 06 22:00:42 EAT 2014
95251D87-568C-4B6B-9378-1018A934808A|E3CDC578-37BA-4CDB-B150-DAB0409270CD|85C6F08E-902C-46C2-8746-8C50E7D11E2E|EEF296C6-0A09-499B-89AA-9AF92CC87701|1000|Howard|Addison|Samuel|FEMALE|12/07/94|14241|Tharaka Nithi|1|Peter|Sat Dec 06 22:00:42 EAT 2014
3AA8BAE9-981D-406C-B388-81337EFB95C7|E3CDC578-37BA-4CDB-B150-DAB0409270CD|85C6F08E-902C-46C2-8746-8C50E7D11E2E|EEF296C6-0A09-499B-89AA-9AF92CC87701|1001|Lionel|Jasper|Joseph|MALE|11/06/94|86562|Nyeri|1|Peter|Sat Dec 06 22:00:42 EAT 2014
910AAFE9-54B0-42E3-8348-C1ADAA8EC4F6|E3CDC578-37BA-4CDB-B150-DAB0409270CD|85C6F08E-902C-46C2-8746-8C50E7D11E2E|EEF296C6-0A09-499B-89AA-9AF92CC87701|1002|Ralph|Kuame|Driscoll|MALE|12/07/92|49009|Tharaka Nithi|1|Denis|Sat Dec 06 22:00:42 EAT 2014
8297AE60-2986-4FEA-9ECD-253652CE5AAE|E3CDC578-37BA-4CDB-B150-DAB0409270CD|85C6F08E-902C-46C2-8746-8C50E7D11E2E|EEF296C6-0A09-499B-89AA-9AF92CC87701|1003|Hayes|Dolan|Asher|MALE|09/07/93|39709|Nyeri|1|Peter|Sat Dec 06 22:00:42 EAT 2014
19AA4B94-DFA8-46D9-9663-E84B2AEE6AAB|E3CDC578-37BA-4CDB-B150-DAB0409270CD|85C6F08E-902C-46C2-8746-8C50E7D11E2E|EEF296C6-0A09-499B-89AA-9AF92CC87701|1004|Raphael|Omar|Nash|MALE|04/05/95|26915|Meru|1|Peter|Sat Dec 06 22:00:42 EAT 2014
B80DF118-2B28-4B7C-9B4F-0938CB025413|E3CDC578-37BA-4CDB-B150-DAB0409270CD|85C6F08E-902C-46C2-8746-8C50E7D11E2E|EEF296C6-0A09-499B-89AA-9AF92CC87701|1005|Aquila|Bert|Ulysses|FEMALE|06/08/96|12792|Meru|1|Peter|Sat Dec 06 22:00:42 EAT 2014
88598F8E-AFA3-40D3-A3AD-D4D7DE7DB538|E3CDC578-37BA-4CDB-B150-DAB0409270CD|85C6F08E-902C-46C2-8746-8C50E7D11E2E|EEF296C6-0A09-499B-89AA-9AF92CC87701|1006|Lewis|Ishmael|Wayne|FEMALE|03/06/94|6518|Muranga|1|Denis|Sat Dec 06 22:00:42 EAT 2014
4643C0D8-5534-4BE8-AF1A-7C7DFD0BA5DB|E3CDC578-37BA-4CDB-B150-DAB0409270CD|85C6F08E-902C-46C2-8746-8C50E7D11E2E|EEF296C6-0A09-499B-89AA-9AF92CC87701|1007|Tanek|Lyle|Jack|FEMALE|07/07/94|16386|Nakuru|1|Denis|Sat Dec 06 22:00:42 EAT 2014
BC134D9A-C501-46EA-8578-AC197DC48A88|E3CDC578-37BA-4CDB-B150-DAB0409270CD|85C6F08E-902C-46C2-8746-8C50E7D11E2E|EEF296C6-0A09-499B-89AA-9AF92CC87701|1008|Ryan|Ali|Prescott|MALE|02/23/94|84855|Nyeri|1|Denis|Sat Dec 06 22:00:42 EAT 2014
B208DFF0-E0DE-4EDD-8682-852408D7E031|E3CDC578-37BA-4CDB-B150-DAB0409270CD|85C6F08E-902C-46C2-8746-8C50E7D11E2E|EEF296C6-0A09-499B-89AA-9AF92CC87701|1009|Damon|Nathaniel|Forrest|MALE|04/20/93|72423|Tharaka Nithi|1|Denis|Sat Dec 06 22:00:42 EAT 2014
1DFB8B07-F776-4A7A-9042-A1B6E0C3A970|E3CDC578-37BA-4CDB-B150-DAB0409270CD|85C6F08E-902C-46C2-8746-8C50E7D11E2E|EEF296C6-0A09-499B-89AA-9AF92CC87701|1010|William|Eagan|Derek|MALE|11/06/94|53015|Nakuru|1|Denis|Sat Dec 06 22:00:42 EAT 2014
EA790CE4-0C54-4EEC-A6FA-F299E60517F5|E3CDC578-37BA-4CDB-B150-DAB0409270CD|85C6F08E-902C-46C2-8746-8C50E7D11E2E|EEF296C6-0A09-499B-89AA-9AF92CC87701|1011|Ian|Ryan|Matthew|FEMALE|11/09/93|324|Kisumu|1|Denis|Sat Dec 06 22:00:42 EAT 2014
12050094-A227-4531-BC57-F990E4285943|E3CDC578-37BA-4CDB-B150-DAB0409270CD|85C6F08E-902C-46C2-8746-8C50E7D11E2E|EEF296C6-0A09-499B-89AA-9AF92CC87701|1012|Kuame|Malcolm|Jerry|MALE|12/07/92|62124|ELDORET|1|Denis|Sat Dec 06 22:00:42 EAT 2014
9323CB91-A36D-460C-B5D0-2F440977CA44|E3CDC578-37BA-4CDB-B150-DAB0409270CD|85C6F08E-902C-46C2-8746-8C50E7D11E2E|EEF296C6-0A09-499B-89AA-9AF92CC87701|1013|Ronan|Carter|Thor|MALE|12/07/92|3910|ELDORET|1|Denis|Sat Dec 06 22:00:42 EAT 2014
0AF1C702-24AB-4024-B173-24C470078433|E3CDC578-37BA-4CDB-B150-DAB0409270CD|85C6F08E-902C-46C2-8746-8C50E7D11E2E|EEF296C6-0A09-499B-89AA-9AF92CC87701|1014|Grady|Peter|Jack|FEMALE|12/07/92|25969|Tharaka Nithi|1|Denis|Sat Dec 06 22:00:42 EAT 2014
D3AAD922-38D5-46D1-A331-1BF46D629479|E3CDC578-37BA-4CDB-B150-DAB0409270CD|85C6F08E-902C-46C2-8746-8C50E7D11E2E|EEF296C6-0A09-499B-89AA-9AF92CC87701|1015|Maxwell|Holmes|Moses|MALE|12/07/92|70307|Tharaka Nithi|1|Denis|Sat Dec 06 22:00:42 EAT 2014
4B55AA3A-1B40-431F-8658-2F2367F2AE8F|E3CDC578-37BA-4CDB-B150-DAB0409270CD|85C6F08E-902C-46C2-8746-8C50E7D11E2E|EEF296C6-0A09-499B-89AA-9AF92CC87701|1016|Flynn|Kadeem|Talon|FEMALE|12/07/92|52191|Kisumu|1|Denis|Sat Dec 06 22:00:42 EAT 2014
81F2CC53-D7D2-44FC-922D-980D7DC11F37|E3CDC578-37BA-4CDB-B150-DAB0409270CD|85C6F08E-902C-46C2-8746-8C50E7D11E2E|EEF296C6-0A09-499B-89AA-9AF92CC87701|1017|Cameron|Judah|Linus|MALE|12/07/92|49305|Kisumu|1|Denis|Sat Dec 06 22:00:42 EAT 2014
3EB16048-5FE7-4FDB-952D-C156C395534C|E3CDC578-37BA-4CDB-B150-DAB0409270CD|85C6F08E-902C-46C2-8746-8C50E7D11E2E|EEF296C6-0A09-499B-89AA-9AF92CC87701|1018|Yardley|Adam|Hop|MALE|12/07/92|81967|Narok|1|Denis|Sat Dec 06 22:00:42 EAT 2014
8D0E34C2-E477-4CB8-8FBF-4D94EC4B043E|E3CDC578-37BA-4CDB-B150-DAB0409270CD|85C6F08E-902C-46C2-8746-8C50E7D11E2E|EEF296C6-0A09-499B-89AA-9AF92CC87701|1019|Lane|Basil|Galvin|MALE|12/07/92|43894|Muranga|1|Denis|Sat Dec 06 22:00:42 EAT 2014
E2F64CC7-D0E4-421E-9FF4-3453624BE455|E3CDC578-37BA-4CDB-B150-DAB0409270CD|85C6F08E-902C-46C2-8746-8C50E7D11E2E|EEF296C6-0A09-499B-89AA-9AF92CC87701|1020|Francis|Callum|Justin|FEMALE|12/07/94|28825|Tharaka Nithi|1|Peter|Sat Dec 06 22:00:42 EAT 2014
